,0,1,2,3,4,5,6,7,8,9,10,11,12,13,14,15,16,17,18,19,20,21,22,23,24,25,26,27,28,29,30,31,32,33,34,35,36,37,38,39,40,41,42,43,44,45,46,47,48,49,50,51,52,53,54,55,56,57,58,59,60,61,62,63,64,65,66,67,68,69,70,71,72,73,74,75,76,77,78,79,80,81,82,83,84,85,86,87,88,89,90,91,92,93,94,95,96,97,98,99,100,101,102,103,104,105,106,107,108,109,110,111,112,113,114,115,116,117,118,119,120,121,122,123,124,125,126,127
0,45.58907318,9.520791054,2.657206535,3.61236763,5.755708694,2.231452942,1.496669769,5.833202362,154.3482361,24.79775238,1.832840919,3.914885521,20.37120438,4.992462158,2.179553032,24.09325409,35.36565399,5.273805618,2.736907005,27.60076904,134.4451447,23.30869675,3.146856308,7.168716431,8.965522766,5.802462578,4.569998264,12.41367912,42.12570572,8.892560005,3.451295853,4.27604866,59.19817352,7.694063187,2.495268822,4.048677444,7.439985275,3.386205673,1.795700073,6.611948967,159.1852722,17.47867203,0.997339249,3.302188873,24.40690994,8.621730804,2.24187851,31.2269783,45.21563339,3.82078743,1.858472824,25.85979843,150.203125,42.35011292,4.351646423,9.054386139,10.99718666,6.674968719,4.772193909,12.30291176,52.11189651,12.70834923,5.618074417,5.850318909,59.15331268,6.570728302,1.821723938,3.336586952,7.51531601,4.293652534,2.461119652,7.579677582,159.1877136,31.33860397,2.350275993,8.727632523,24.38800049,3.268325806,0.961715698,17.24037552,45.2930603,9.141008377,4.452093124,42.69194031,150.044281,25.46395111,1.848220825,3.758478165,11.20897102,5.986888886,5.333098412,12.54250526,52.18005753,12.24426556,4.6494627,6.419400215,45.49411774,5.740160942,1.462144852,2.301387787,6.002869606,3.84200573,2.644943237,9.379308701,154.0870361,23.80274582,2.192145348,4.955199242,20.44917488,3.903948784,1.819541931,24.36841583,35.46399307,7.22482872,3.14944458,22.85397148,134.0213928,27.2781105,2.705625534,5.112075806,9.003240585,4.349533081,3.346502304,8.777151108,42.14315033,12.28936195,4.285720825,5.537677765
1,85.1166153,21.98659325,5.442689896,6.572227478,13.82790947,8.442011833,7.824310303,33.3791275,44.51078796,13.73395538,7.932374001,22.02807236,59.37201309,26.53426933,11.81529808,22.34658051,78.93586731,22.33479118,7.881592751,12.03946304,25.87376213,14.42050076,12.26131725,35.79558182,24.29705811,9.072273254,6.005963802,15.85672474,51.06612396,24.87664032,12.78665066,16.80042076,113.1096191,30.37264252,4.693590164,6.950109482,16.35729218,8.049833298,6.197933674,41.31732559,55.66547394,16.78765488,10.66610527,47.06631851,99.22402191,30.07582664,6.623503685,15.56199265,122.6857452,34.90001678,8.597475052,15.54144287,30.42974091,12.14385033,7.174678802,31.80438995,30.66123199,8.829120636,6.574028969,25.19481468,74.5567627,33.24882507,11.09859276,14.05660915,112.006012,34.69470215,6.11701107,8.619937897,17.23271561,7.00228405,5.046331406,36.27612305,54.29513168,13.33583641,6.570225716,32.4125824,99.95733643,45.17693329,10.76469421,17.51688766,122.4589386,32.23942566,7.443771362,12.68354797,30.40961075,14.79869175,8.211047173,34.42110825,30.77751541,14.14907837,11.45362663,34.4227562,74.61486816,24.12648964,6.183909416,8.984573364,83.16682434,28.45017052,7.906876564,9.816882133,15.01814556,6.494568825,5.733439446,24.89566422,40.87652206,18.31089783,11.57624149,28.23118973,61.26107788,22.35785103,8.469614029,14.3617878,78.59285736,35.41756439,12.64785767,14.54959488,25.81902885,11.62378693,7.875855446,23.15835571,24.42964172,16.47484589,13.03336811,25.71050072,51.10390091,15.92747307,6.350160599,9.503145218
2,25.33650589,23.18179703,20.41770935,17.93957138,16.43723679,18.47395897,23.27083588,25.67078018,30.52629471,20.43974304,17.02069473,18.22324753,20.14285851,28.86183548,42.12965775,42.09143448,23.57528687,15.1884861,14.48528576,14.5216198,18.91007423,37.43295288,58.18609619,42.95248413,19.48184967,13.57173252,12.24532509,11.69139481,18.1582222,35.73657227,44.93691254,32.07710266,42.57769394,31.90787125,30.98896027,29.73945618,25.64261246,18.99503136,15.27323532,20.45466614,113.3430328,36.65608597,14.78486729,11.11384964,10.10013771,20.20342064,45.959198,78.76257324,27.18449783,11.26943207,14.04434681,22.43795776,31.50902939,68.83988953,85.08851624,53.69399261,19.95650864,15.8356142,18.97583771,22.97512245,31.99225998,44.84870148,49.47216034,34.0875473,43.08591843,19.8411274,15.72599316,19.48867989,25.29059792,28.31627655,30.92924881,32.95429611,113.9266891,77.36643982,43.54268265,19.75242043,10.35994244,10.81344891,15.38891506,38.00369263,26.69757843,52.16703796,83.13803101,70.44467926,33.71833801,22.70798302,14.11258507,10.98231125,19.53380013,34.19001389,50.50159454,45.16850281,32.25157928,21.83795929,17.92464256,15.01316261,26.4783268,25.2825985,22.20477676,17.14663696,16.35652733,17.80489349,21.4663887,25.42857552,32.43370819,42.61888123,39.94742203,27.53315353,20.70408249,18.30794144,18.43278122,22.47944832,21.66818619,40.74944687,56.33388138,38.7344017,21.1692276,16.17562866,15.80418968,15.59624481,18.6970005,30.22062111,43.8473587,34.93630981,18.55237198,12.17291069,13.09312916,14.15494156
3,38.61579895,9.97490406,3.077055931,4.591235161,6.95645237,2.320447922,1.485214233,7.112990379,126.5182953,21.82473755,1.892784119,1.392454147,2.16529274,1.386334419,1.757443428,27.7966404,116.0805664,23.99022484,3.269108772,3.892168045,6.385293961,3.318527222,3.288789749,30.50654984,105.4052734,21.24882317,2.27717495,2.40867424,5.81278801,3.511886597,3.749509811,29.36166,53.8139534,9.141129494,2.792814255,4.634168625,8.665174484,3.523637772,2.122436523,9.54661274,140.0696259,17.88098717,1.551446915,1.356559753,2.31619072,1.944313049,2.800977707,36.12920761,125.7210236,22.84360123,3.258638382,4.918026924,9.843854904,7.739147186,6.629976273,34.4005127,127.9043503,29.5385704,2.590525627,2.492019653,5.862358093,2.94386673,3.195856094,33.38906097,53.95907974,9.220360756,2.094560623,3.516663551,8.59412384,4.685939789,2.864892006,9.30091095,139.861908,35.95629501,2.831303597,1.962882042,2.298488617,1.326766968,1.676668167,17.84093666,125.5368652,35.26005936,6.871452332,7.783992767,9.758800507,4.881162643,3.21620369,22.30638886,127.6645737,34.39610291,3.245828629,3.004812241,5.872306824,2.446683884,2.478533745,29.06082535,38.43922424,7.210203171,1.546899796,2.36934948,7.115995407,4.614066124,3.382585526,10.02878952,125.6127777,28.07408714,1.846688271,1.339105606,2.122253418,1.465691566,2.152313232,22.01265144,115.2689743,31.0438385,3.47262764,3.356105804,6.193119049,3.893954277,3.299025536,23.91244888,105.6454468,29.90379334,3.779066086,3.638702393,5.733379364,2.39011097,2.247243881,21.15203667
4,45.60467148,81.12535095,42.66690063,15.18159771,6.532945633,3.520871162,2.96201992,6.755680084,90.17783356,107.9742737,27.34192276,5.989153862,3.660978317,3.691267014,4.470858574,12.13228416,41.38976669,36.52470398,16.22571373,11.52322006,11.70636368,11.99168301,10.84667778,15.27068329,12.55118275,13.02160263,11.03851318,11.09383965,15.67010975,17.83842278,12.49417686,10.65032768,61.77431107,56.46602249,30.27166748,19.77161598,15.1160984,10.8223362,6.685527325,12.10594177,140.6053925,91.84248352,13.16153145,3.143354416,2.040678024,2.138141632,3.492145538,29.96813965,85.8705368,28.67059135,11.51683044,11.60433865,13.91124153,13.25404358,13.22405243,26.24885559,18.52071571,16.46189117,13.53576565,12.82413292,15.58240128,14.77677917,11.84994507,14.20741749,61.1036377,11.95425224,6.243494034,9.833571434,15.26010036,21.32463646,31.04354477,55.26427078,140.6232758,29.98778343,3.565954208,2.149287224,2.100629807,3.319206238,13.0161171,89.57944489,86.29677582,26.07787323,13.14472485,13.03500938,13.95451355,11.45746422,11.25039005,28.24837875,18.48452759,14.01256084,11.88969612,14.83586597,15.85412216,12.75961781,13.5360651,16.37785912,44.83776855,7.654061317,3.552017212,3.824232101,7.063289642,15.94467163,41.19950485,76.25019073,91.73465729,13.89776421,4.841691971,3.878488541,3.738567352,6.19410038,25.82851028,103.0635834,43.7150116,16.15713501,11.02215862,11.99471092,11.07611847,10.8054142,15.72817993,35.59491348,12.66932583,10.58530808,12.536726,18.02879524,15.67782402,11.14493752,11.47721291,12.7170887
5,13.53873253,7.254067421,5.279594421,7.105775833,8.374448776,4.878947258,4.319797993,7.203222275,116.8351059,23.92635345,3.685427666,3.129486084,4.123879433,3.154402733,3.38525486,20.85190582,171.2675171,29.50598526,1.131188393,0.893167496,2.007839203,1.831615448,2.491342545,42.59186554,45.26014709,8.410551071,3.480496407,5.867014885,15.98384953,10.17259693,6.269443512,15.26893425,17.92531967,8.752792358,5.102911949,6.328989029,8.770280838,5.776447296,5.768693447,9.887153625,141.6152039,28.24872017,4.559412003,4.180139542,5.752202988,4.353157043,4.069001198,16.2443924,174.0294189,41.42227554,1.325033188,1.174360275,2.116847992,1.625148773,1.543878555,26.03147507,57.45716858,10.39558506,4.56556797,8.873641014,20.086483,11.29513359,6.049646378,11.73174191,17.93801308,9.789938927,5.769582272,5.884951591,8.603603363,6.110405922,5.275860786,8.771832466,141.6626892,16.14840889,4.044242859,4.348377228,5.7227211,4.196327209,4.611985207,28.02618027,173.9978333,26.04457474,1.519580841,1.598712921,2.119354248,1.210760117,1.302634239,41.32453918,57.35730362,11.76825333,6.141896248,11.39037704,20.1116333,8.83191967,4.602240562,10.3481493,13.63756752,7.084704399,4.359025478,4.836277485,8.341135979,6.940500259,5.201535225,7.250118256,116.738739,20.62409019,3.440939903,3.113566399,4.131651878,3.113209724,3.640809059,23.83601761,171.1801758,42.40150452,2.487970352,1.817920685,1.958385468,0.895120621,1.100663185,29.65722466,45.21631622,14.95075512,6.397227287,10.16816711,15.96550751,5.939766884,3.562428951,8.566978455
6,12.29912758,7.210597992,18.76175308,76.50753784,62.63759613,15.13734436,9.89969635,15.7103796,29.32302856,19.22921371,30.2516861,69.89614868,49.01777267,12.49706459,11.6410675,24.43211365,41.94072723,23.43992424,20.05280876,23.47692299,17.38469315,14.3824482,22.38924217,42.38493347,25.11317825,17.72376442,14.46108437,17.00332451,18.11872673,16.15844727,18.71605492,25.30553055,16.73925018,10.8431921,29.39813232,113.0446243,86.02329254,9.843334198,3.286188126,7.026869774,106.919075,28.75219154,20.23845291,47.75001144,27.72951889,9.591190338,21.27322769,62.92530823,45.46016312,13.86598015,11.89081001,23.40072823,35.11370087,37.05688477,42.36532593,51.33168411,28.74028778,21.21473122,18.10646248,22.86547852,22.96097755,18.47623444,19.53457069,26.23186874,27.77544022,10.61981964,16.78997803,81.17467499,81.3793869,24.36964226,12.54244709,15.95613384,119.0909271,54.13405228,17.12420082,17.59123802,15.51569176,8.528074265,11.27882767,43.05418396,47.6451149,31.37807465,30.75769997,43.04857636,38.93629456,22.02880478,14.75734615,19.66915321,27.83396912,19.8785553,18.38411713,23.79270935,23.47366524,17.7952137,18.40087128,25.91143227,24.6260891,10.22133923,9.391975403,27.91977119,42.80007935,26.71732712,24.14315224,30.93335915,66.57699585,28.14242172,12.17170715,10.89770699,13.26047421,15.03125,24.63669586,54.02635193,35.88382721,25.55205154,20.03551483,21.84890556,20.19616699,17.0875206,19.47871399,28.30607796,20.96111298,15.99177551,16.91117859,23.20766449,20.51831818,14.67859459,15.10572338,20.45838165
7,19.57353592,14.89376068,13.83579826,17.53877449,20.03347397,13.3221283,11.09004974,15.35127926,43.43581772,27.57022095,15.20267868,15.00438309,16.53314018,13.84551907,13.37586498,23.43917084,110.9516144,42.86032104,8.435699463,5.227768898,5.489124298,4.922919273,7.981602669,45.40504456,102.1214752,31.72890854,4.664499283,3.399321556,6.860795975,5.973653793,8.305602074,45.5333519,26.8911705,18.58349991,14.37274837,17.38543892,22.52815437,16.85763931,14.63142395,20.58208084,52.8672142,31.42564201,22.58087349,27.17803001,29.35055161,19.75769043,13.71948814,20.19650459,135.2459717,50.37742615,9.071774483,5.591076851,5.242576599,5.098997116,7.269433975,44.78121185,120.0984726,35.59827423,5.660522461,4.387918472,7.074745178,5.397790909,8.802568436,48.95152283,26.80118179,20.59650421,15.06813431,16.57854843,22.91333008,17.73803711,14.04394436,18.42003632,53.38275146,20.37560081,14.19820786,20.21954536,29.85758972,26.68382263,21.36140442,29.23046494,135.2399445,47.49112701,7.831256866,5.235473633,5.305717468,5.381735802,8.47069931,47.50662994,119.2670746,51.45358276,9.688661575,5.602085114,7.070770264,4.241130829,5.263208389,33.56466675,19.23286057,15.13961697,11.31840324,13.35359383,21.13702393,18.08515358,13.36682701,14.33116722,41.74117279,23.91511536,14.1981945,14.34637451,17.67793083,15.16703987,14.33977222,24.55888939,109.4936066,50.12794495,9.333766937,5.226999283,5.464185715,4.963270187,7.615015507,38.331604,101.5422592,49.30639648,9.610217094,6.235790253,6.510322571,2.973192215,3.993881702,29.26126099
8,24.21967506,7.128440857,7.652872086,10.64353943,7.637867928,8.950642586,33.89964294,58.59687424,43.46805573,9.311508179,5.850476265,5.964015007,5.252691269,10.51372051,45.11733246,83.38182068,53.82669449,10.09215641,4.604284287,4.446377754,5.200178146,12.29990292,52.73497009,95.91340637,23.47562027,6.992679596,4.851748943,6.445664406,10.58052254,24.40091705,55.16098022,58.37544632,38.26841354,6.730824471,3.918095589,5.267118454,6.553915024,14.96519089,58.71762085,90.58509827,54.54165268,17.78352356,14.0913105,18.71864891,25.66464806,36.98570633,51.17053223,59.94203949,119.0454254,41.60136414,11.54725075,7.326746941,6.60546875,9.788290024,21.13875389,64.84707642,38.40774536,14.50831032,12.38815594,20.3149929,25.76565552,30.56793022,33.87661743,36.18778992,49.65620041,16.55959129,8.624726295,9.625936508,10.77101231,17.63859177,43.16147614,73.4803772,30.58016205,10.27689934,7.762991905,16.33194351,38.78779221,68.38743591,63.6971283,40.61368179,107.6540604,43.39487839,15.56958866,10.03094482,11.24064827,19.88634872,29.71876144,50.99115753,36.59149551,35.17934036,33.92789841,32.62208939,24.010252,16.4557476,10.11438942,13.97192955,40.04719543,25.8113327,15.01145172,13.64800072,12.55562496,13.14789963,18.27778816,32.3923912,27.40517807,24.05840302,20.37661743,24.45174408,28.06311417,26.2473526,24.08264542,23.72999763,36.13231277,31.25408936,21.81980324,21.8045826,23.3391037,20.96767235,19.93616486,24.64319038,24.12111282,29.16579437,26.6303463,23.6907444,18.1102066,11.7804718,11.01857758,15.83098888
9,30.10576439,25.43416023,21.67906761,17.46730995,13.54878235,13.62989903,18.06200027,26.76247025,24.63591766,22.43478012,27.89020157,31.01279449,28.51963425,23.42452621,21.80207443,25.7369709,31.47854996,24.27880478,24.04899597,26.10139084,26.66795349,22.32731056,21.88882828,30.4250946,24.16180992,16.38432693,13.9116993,14.56613445,18.20062637,21.70924568,28.41739845,32.18907928,33.21840668,48.67126465,50.5421524,29.40161133,13.47043419,10.01951694,11.81194305,19.65918922,26.23435974,35.45106506,73.61976624,83.33420563,37.35808945,12.46810722,7.105369568,10.58800316,107.393158,53.54012299,36.33837509,24.25670815,12.3848629,9.960680008,15.70959854,45.43918228,37.42457199,15.12347794,13.17486286,21.09538078,26.43319702,31.26499367,35.39012146,38.82672119,18.64714813,54.3086319,69.06215668,32.30675507,12.17323303,8.050057411,6.790821075,8.133158684,47.39004898,39.80750275,57.18535233,54.14305496,29.59938431,15.56193447,11.52561951,16.36901855,120.1710205,80.38475037,33.52928925,13.0873394,6.432321548,5.472182274,8.102973938,36.13951111,34.52435303,42.15613174,50.97068787,41.94738388,27.39106941,18.41125107,11.97213459,13.17901516,10.96590233,32.2361908,41.0699234,19.64758682,12.16814995,12.8845129,10.61113453,7.574651718,26.24973679,55.63920593,49.52186584,20.9753933,10.14253235,9.340936661,9.054700851,9.286970139,40.64576721,92.8269043,68.7431488,17.61320114,4.963630676,4.416840553,5.120920181,7.592759132,18.74860573,61.09010315,72.93099213,30.75701714,8.283309937,4.932849884,4.592393398,6.533168793
10,15.5953455,9.214554787,8.057641983,16.59290886,39.64181137,24.12692833,13.65773964,13.0897007,34.04356384,16.29403687,10.05408192,21.35651398,51.83619308,28.04025078,11.19254208,13.65009689,91.71453857,25.62474632,6.253844261,9.473249435,36.77558136,16.44569016,9.61371994,33.33644104,15.50122738,5.658034325,4.221438885,22.73316383,100.2064819,32.19172668,6.412343979,8.666674614,20.89771843,14.3805275,10.75494766,20.0108242,45.39373016,27.52318954,16.22810745,17.1484375,41.21194458,16.37672997,12.48067474,39.52400208,86.11919403,38.16190338,9.583814621,9.140155792,127.4177094,36.4019928,6.642242432,12.69427776,46.77524948,14.46703339,4.990556717,26.3055191,20.700634,5.231631279,3.015981674,29.94124031,125.6332092,38.83114243,4.32380867,6.666135788,21.8868351,18.81162262,15.30148411,25.11190605,44.5239563,21.23454094,11.38714027,13.96089458,40.17643738,9.601366043,8.947576523,33.69007492,86.65384674,44.79520798,13.1187973,16.04538918,127.5385895,27.01081848,4.894939423,13.54846764,46.48903656,14.03944206,6.907888412,35.97990417,20.67435074,7.038230896,4.376308441,37.21741486,125.2730103,31.83277512,3.223311424,4.949961662,16.4451313,14.25615597,13.69815636,22.80677032,38.6169014,17.33771324,8.413854599,9.21730423,32.39138031,14.49539566,11.88753128,27.26258087,52.63477325,22.41122818,9.764102936,15.21266174,89.98617554,34.4182663,9.82968235,16.13132095,36.13365936,9.942534447,6.224960804,24.63571358,15.39196301,9.237965584,6.769152641,31.2413063,99.46142578,23.6913681,4.340711117,5.352931976
11,38.75675964,25.07936096,15.23960876,15.92129993,13.84357452,7.264816761,7.247576237,18.67693138,99.4087677,40.82879639,11.1241436,8.537209511,7.801430702,6.163715363,10.85788536,49.6745224,45.84839249,17.6752243,16.4741993,46.38584137,50.44573975,20.61342621,16.21323395,32.54934692,7.317813873,8.552677155,18.68705368,55.38474655,58.64796448,19.36952782,8.747706413,6.899828911,54.08765793,25.6214962,17.04561615,21.00818253,17.96608734,9.432121277,7.083194256,16.94486427,131.0198975,38.87893677,8.065079689,10.01501656,11.97945595,6.234372139,8.261903763,53.47572327,41.47624969,10.94021797,15.65799618,84.11023712,100.9629517,24.60194016,10.85393143,21.2416172,10.34073257,12.58740425,25.00069427,67.15650177,59.41343689,13.15592194,6.433232307,8.054572105,56.83341217,14.87663937,8.636057854,14.40680313,17.25517654,14.05565929,15.10811996,32.17912292,129.4810638,49.03659058,14.79400444,24.46761131,15.52509975,4.912017822,7.07012558,41.5459671,25.43535614,16.51791573,21.49273682,100.8038177,105.1154327,17.04892731,5.06505394,6.192848206,15.29987526,12.52321911,16.32725525,44.45775223,48.41945648,15.3959198,10.78266239,14.10943317,46.38657379,14.8893013,6.937358379,8.071784973,10.9810524,10.6324625,15.22419357,38.79669189,76.46526337,29.11514473,14.93354702,24.07788849,23.32172775,10.41740513,11.79127598,43.04745865,14.17063904,10.99675369,16.02936554,55.45210266,69.8395462,24.79441452,10.35115814,10.63396263,14.33044624,9.364596367,10.96454811,27.44855881,34.42725372,16.60061264,12.11889362,14.42073917
12,19.59612274,19.49413109,13.29022312,11.94415474,13.38624382,12.2342329,10.88298512,12.81916428,59.38189316,44.28244781,13.63550663,7.653154373,9.786197662,14.79776573,14.28767681,23.30019379,51.72370148,25.32713318,6.072958946,6.66187191,39.77328491,61.32026291,30.7205162,29.60210419,7.521203995,7.197452545,5.084106445,9.857147217,64.09590912,78.66149902,17.05802917,5.901391983,22.1027298,18.66151237,12.57682991,12.41247845,16.06707191,16.65954018,14.7654438,16.2675705,73.22125244,50.7292099,22.56606102,15.01747894,16.69051743,16.29208374,11.55835533,16.47562218,120.6028442,52.80395508,8.807979584,4.539150238,27.42202759,45.97169876,20.482584,38.72841263,14.06451988,3.943427086,1.937558174,7.164881706,98.45223999,114.874382,22.32980728,9.793326378,22.48338699,19.2728405,12.2137022,11.52302551,16.23756981,17.08407784,15.76569557,17.16401863,71.55198669,20.57432938,10.47888374,11.50091553,17.96242332,23.23485374,23.55267334,34.77957916,127.8979034,47.16165924,8.285392761,5.908098221,16.55410194,15.8358326,11.26166916,50.79002762,27.9634304,14.18332672,8.176589012,20.1515274,100.4248886,88.94904327,12.52951622,9.343964577,18.14749527,16.167593,10.35495949,9.559761047,14.9363451,16.37246513,13.17494011,13.21671295,48.4045639,29.76596451,13.94122505,10.1140976,11.95722198,12.94865417,13.65977001,24.61065292,91.1290741,70.99341583,20.74293518,10.70965767,10.57637692,6.617078781,6.408330441,23.89317513,28.24140549,33.49389267,20.38410378,27.48207855,61.844944,33.36052322,6.329737186,6.957019806
13,22.65535736,12.61993885,11.11583519,12.80167866,11.19985962,8.696134567,12.19615555,23.37876129,51.38286209,13.95831108,8.652770996,8.482494354,6.860492706,7.96850872,25.12979126,70.94934082,55.40190125,12.78725243,5.470284462,3.882164001,3.306476593,7.125157356,43.61148453,95.02025604,34.75228882,9.93151474,4.838707924,4.398550987,6.487134933,13.92524529,42.01860046,62.97437668,47.89187622,18.5655098,13.38336754,13.66037369,12.20963478,9.982886314,10.4227438,26.058424,123.6875,18.86141205,4.381462097,3.21163559,2.627779007,4.585039139,31.29190636,111.4708176,58.3236084,9.933353424,4.242694855,4.791003227,6.81934166,17.31113052,72.03030396,109.4042511,35.07696152,13.43003559,8.515384674,9.314257622,11.74947739,16.36903191,39.14385605,57.27542496,55.01535034,15.126894,7.457802773,9.880987167,13.85128784,14.81913757,16.81075668,29.60881996,133.122406,55.87903595,4.949440956,2.496230125,2.495424271,3.341876984,8.616323471,52.26574707,93.05519867,39.47109985,14.59404182,12.41856384,12.34499168,13.72253799,22.93430328,41.27732468,31.22304916,18.57008171,13.32074165,16.96372414,17.25730133,14.45642757,21.30195999,31.36042023,40.59519196,11.25064087,4.063092709,4.94309473,9.558289528,13.44472218,21.30382347,40.27524948,109.0322418,34.17470169,4.079017639,2.489739418,3.256547928,5.885510445,16.15271378,64.01282501,79.34638214,36.50747681,12.49532318,10.43370914,8.889884949,8.323823929,13.02397537,37.87445831,22.33110809,17.47215652,16.01037598,21.21686363,18.45584488,11.65983295,12.25292015,17.09125328
14,18.28347015,10.15038586,8.466197968,8.943873405,8.830764771,5.844600201,5.78479147,13.59795952,67.17208862,15.68070507,9.925160408,8.663775444,5.117671967,3.924134254,16.71476555,86.2127533,31.54157257,11.64334869,20.1277504,22.22582817,13.52179432,16.39389038,61.25169373,81.70257568,11.34906292,12.85663986,27.16407585,22.45475006,17.97249603,36.26955032,55.46239471,24.16470718,40.47482681,9.881451607,8.319125175,9.259989738,10.11109352,6.746517181,5.076545238,12.71558571,125.517952,22.38823318,5.064778328,5.371650696,7.699361801,6.605694771,12.79895687,92.12512207,44.230793,14.25733948,27.2692318,49.94261169,58.43946075,43.36896896,43.11138153,60.46470642,21.99949646,27.52972412,43.04177856,35.03599548,29.98432922,32.69003296,37.14902115,24.79215431,38.18130493,13.10656929,4.957775593,6.492267609,9.798797607,9.0147295,8.379293442,9.495434761,123.8954773,98.76521301,18.42920876,6.006814957,6.816110611,5.343929291,5.091213226,19.96377945,41.16197586,65.22851563,51.62187958,38.55006409,52.76779556,47.67127228,27.06422806,13.55034447,21.54908371,24.18498993,40.61115265,30.34665871,27.01570129,34.50133514,43.48924255,28.36834335,17.66505814,12.31273651,6.077460289,5.722508907,7.925598145,8.190172195,8.446130753,10.1601429,61.07134247,76.81838989,16.75927925,4.244418144,4.965927124,8.456655502,10.71081543,18.79388809,29.68815613,77.59309387,60.08836365,15.28203774,11.13781643,19.64250755,21.69296837,13.31173515,11.92866611,25.02134514,55.67681122,32.97618866,15.15322876,19.62591553,27.33382034,13.71178341
15,29.02634048,26.29200363,23.66843414,22.60157585,20.99370766,19.11609268,20.92763901,25.28959274,28.5629158,28.60394096,30.63855171,32.71085358,32.17387772,28.45191956,25.73401642,26.43587112,27.23284912,24.51602554,23.83557129,27.5422287,35.71245956,36.23844528,31.77119446,29.91505814,18.61317635,17.00839424,17.25572586,21.73597717,32.10770416,36.93030167,30.59752083,22.6464119,32.96752167,33.67097473,30.68611526,29.07030487,27.13699722,22.29051209,23.22664261,27.59177017,30.13529205,38.40753174,58.36794662,75.5035553,59.79495239,29.2947979,14.70403957,13.95460892,111.0690384,60.16789627,34.35919571,25.31716156,20.87208939,22.98719978,25.02613449,46.21888351,24.84630966,11.03141689,13.32727337,33.93545151,62.58280945,63.07682037,39.17473602,24.18728828,33.49533081,28.43948746,23.91517639,22.67417526,26.73319054,28.51938629,29.74106789,33.9147644,30.34120941,13.74658775,14.03063583,28.31131935,57.82559586,74.55667877,62.15423965,41.98117828,110.1502762,42.75850677,23.66021729,23.74546433,21.47925186,25.96303177,37.74204254,63.09764862,24.49716949,23.29449272,38.67419434,64.72099304,62.69247437,32.54361725,12.89195347,11.04927254,30.41475487,24.87297058,19.15500832,17.8927536,19.82164192,22.64307785,25.04018784,28.68637657,32.07274628,26.42427063,22.15262794,25.97788239,29.668293,31.63370895,33.54110336,33.31468964,25.77606964,26.06231308,27.12359619,35.94325256,38.0405426,30.27480698,27.04273605,26.17428589,18.06045341,19.81529236,26.45807457,35.83964157,33.99241638,24.51848602,19.59460831,18.31358528
16,9.194595337,7.675853729,9.686611176,10.34248924,12.26484966,11.59134579,12.32810211,10.77365875,14.42115021,9.661373138,10.48872185,8.549230576,8.431954384,14.13479996,33.83161163,31.29473495,13.25975418,11.17854404,10.78568935,7.394535542,8.519180298,24.72200012,40.31036377,19.99264526,14.67239094,10.76114082,9.589305878,6.893347263,8.375673294,12.64771271,21.80065537,16.4601593,31.35577774,9.745182037,9.109027863,11.96683693,19.66321564,21.09248352,15.45039749,18.72377205,112.4408417,10.11999893,3.109706879,3.786132813,9.211021423,27.94975662,73.70223999,114.8520813,17.85852814,4.781166077,4.89770031,10.69831848,71.40559387,108.6748428,87.07678223,39.31076813,23.80960846,13.54375267,11.22778511,9.613541603,25.66952515,31.49348831,33.03707123,26.23509789,49.28094101,10.64399338,5.966442108,11.74559784,30.35705185,25.02155113,13.67982292,16.91700363,134.8550873,41.19991302,4.181880951,10.51421165,24.13930893,13.45863152,10.39857578,46.69021988,48.18113327,14.65462875,10.83921337,46.95410919,126.7770081,67.6116333,11.55240917,12.86855316,33.10790634,19.56460381,14.80859947,17.5130558,53.39586258,27.83739853,12.8309145,18.80314827,37.20957947,12.20000172,6.106704712,9.097563744,23.55555344,18.05338478,16.4266243,24.10319519,116.3062897,40.70536423,10.347229,12.15059948,21.36120033,10.89135551,12.76434517,43.88520813,38.45759583,17.85203171,12.70408249,38.62632751,107.1513062,43.85519028,9.829163551,11.22719955,26.0036335,14.60498714,9.292238235,16.81560135,48.94790649,24.0248909,13.64903736,15.59059525
17,22.94667053,13.50921822,14.71598053,23.70722961,23.06401253,16.10721588,18.42512321,27.81075287,22.23331451,16.13172722,21.79722977,39.50107193,37.81215668,21.81413651,18.63750267,25.46351624,44.68815994,25.52129364,20.80822754,26.14010048,23.93481255,15.65409851,17.94839287,36.60565948,27.28783607,14.03739452,11.89588261,17.02600861,21.57920456,18.9228611,21.31207466,31.42573166,25.0735054,18.13457108,27.54812622,46.71697998,31.09015846,14.15783405,16.22150803,27.96302414,24.89279938,23.9845562,50.55374908,107.8537598,64.81619263,12.18774891,7.008425713,11.61703873,117.0434875,61.20944977,33.37625122,29.00177574,14.11844063,7.813014984,9.746702194,37.08861542,38.27181244,14.50320816,12.55811024,26.68223763,35.42749023,26.51239777,21.30544281,28.08793068,13.63486099,17.25296211,44.20180893,80.38796997,43.29939651,11.09172249,7.178462982,11.91731167,51.17572403,16.22556877,31.7140522,96.08145142,64.81461334,12.66086292,8.934609413,22.78061104,126.9129562,45.89245605,13.37658787,15.15620136,11.42883301,5.104365349,7.009557724,48.79281616,40.10230637,22.43819809,22.36342049,37.79117203,37.39604568,18.1451683,10.44971657,15.82933426,9.076971054,9.844845772,23.38836479,54.62133789,44.5087471,20.4314518,12.70896721,10.32516003,53.87659454,20.56138229,16.29685974,33.72153473,28.18751526,16.47457504,19.4084301,38.39921188,93.0528717,44.31695557,15.47105408,13.09526825,9.462093353,6.354043961,11.69458389,44.77590179,30.03371429,23.61143875,20.24871635,27.72900772,24.68228531,11.96392822,10.40202045,18.10369301
18,20.94595718,14.7639389,15.38908291,18.94511795,14.74253464,9.385267258,9.931328774,17.12475777,67.95844269,30.10159492,13.5759325,10.96996021,8.524263382,7.669629097,11.71209335,36.97683716,93.85030365,27.99867058,6.160797596,3.840730667,4.92713356,9.503756523,24.13964653,71.17809296,33.43360519,11.55509472,6.520918369,7.904018879,14.54947758,21.96903801,32.35752869,44.24037933,27.81796646,14.32667923,11.7847662,14.67029572,14.33007717,13.17515183,20.73102379,30.88653183,88.52658081,34.37702179,14.56336212,11.79162502,11.32039547,13.39929771,25.33961868,40.87782669,130.0938416,51.82177734,6.562856674,3.662184715,4.162517548,6.48059845,14.30801964,60.49201965,45.39183807,16.57198143,11.97355175,17.47348022,24.03959656,27.42231369,26.78235245,31.09543228,34.25756836,10.79533386,6.987649441,7.68650341,9.823383331,15.07172775,38.46876907,60.92364502,50.59006119,8.274768829,4.215618134,4.624312401,6.546440125,19.75768852,80.36869812,107.6536407,115.668602,25.42728043,9.075063705,7.126497269,5.582775116,8.850312233,41.35787964,103.965683,38.86940765,25.26868439,25.02787972,26.39120293,21.36618233,17.4767952,14.58949375,21.75649643,40.55067062,11.20233917,5.493934155,4.558260918,6.141169548,12.6923008,35.55887604,62.59417343,53.34209061,17.48007965,10.12903595,8.532500267,6.347849846,10.70321274,41.98479462,83.86709595,38.60797119,19.60775185,17.32191849,18.39446259,15.26746941,15.14947033,29.46738243,54.2389679,20.09590149,17.75639725,19.75662613,22.93860245,19.79605293,15.18913364,15.92684937,20.4238472
19,47.99980164,39.18288803,14.84862614,10.2034502,10.64610195,7.997900963,6.865703106,14.76222324,75.77480316,44.3376503,12.35060883,10.70031357,23.4207077,23.63603592,14.35688114,27.88129234,14.24752045,10.74388504,10.9403286,25.67462921,69.27427673,53.70903778,15.59284115,10.77889252,15.0245018,14.92899799,12.54602718,16.5363369,33.56975555,26.76251221,10.53796387,9.648752213,57.13515091,32.99802399,15.18781948,13.93821335,17.34476852,14.32858753,8.516651154,14.44248962,129.6714935,42.28760147,7.200277328,4.861104965,15.29437542,24.34947014,15.05950737,48.96813202,25.1886673,6.180883408,5.049630165,16.88056946,103.2549286,100.712944,22.18155289,16.69478989,15.90288162,14.56465149,10.98113251,15.18941307,47.00910187,43.87809372,16.35121536,12.94659042,54.88096619,17.2518177,7.062913895,9.671575546,17.79027939,20.63001823,16.88181114,25.53020477,131.2156067,52.56607056,7.551506996,5.877557755,11.70387077,10.10562325,8.00200367,39.16360092,42.32875061,20.62108231,10.00429249,22.76548004,99.10690308,86.17112732,16.77815056,11.45114326,10.6595192,8.227423668,6.11800766,12.62678528,58.10404205,68.5584259,26.2690506,12.98452663,39.55133057,18.61304855,7.292090893,7.122910976,13.26400566,15.39130306,14.68286896,25.35829926,101.7337341,50.30202103,10.23102188,5.72377491,7.424418449,8.233469009,10.79987144,40.80067444,47.33296967,33.00130844,16.01345634,19.91825294,49.5528183,46.86571884,16.84475708,18.17436218,7.466154099,7.044042587,8.764652252,18.97272873,58.17832947,56.240345,19.26716805,8.734128952
20,62.52508545,45.1126709,12.49629021,7.552945137,10.5134716,10.71249008,9.417355537,22.54930496,45.02020645,35.7052269,19.09065628,17.16546059,21.87927818,17.84289932,13.77727985,22.76429749,54.30205917,32.91740417,15.28676701,11.88967991,13.32886219,15.66013622,17.31292343,32.15672302,27.30206108,16.37704849,8.78235817,9.062663078,16.94808578,23.10798264,20.56733704,23.92379951,87.12269592,81.53179932,17.35982704,7.356326103,8.333198547,8.105465889,6.621771812,19.17388916,55.70994186,47.81499481,34.78450012,35.53158569,37.30662537,22.63506317,9.450216293,15.47749519,111.2863083,50.72764587,17.59367371,10.44935226,8.871038437,10.35169029,12.25994778,36.78297424,40.59535217,15.34636307,8.359902382,11.89069366,22.48804283,29.1749115,23.66873932,27.07003021,94.10800171,103.2204666,18.0390358,4.747512817,4.878192902,4.196707726,3.096405029,11.47121048,76.17327118,61.70907974,18.46140862,15.30071831,26.21841812,31.04444313,22.17270279,27.42129517,114.5929947,39.45233536,10.07393551,6.929714203,7.855676651,12.04300499,17.15980911,49.8088913,43.30390549,26.80056,17.81153107,19.72238159,23.51559639,19.65240288,11.13183975,15.84474564,69.07678223,79.98309326,13.01149178,3.540488243,5.276165962,6.646389961,4.810318947,10.56464577,82.3473587,92.85768127,22.31869507,6.253993034,5.870696068,6.65961647,6.337471962,15.53639317,69.79597473,67.27910614,22.29489899,9.910963058,9.09211731,9.139169693,8.954334259,20.06972313,31.07669067,38.24555588,23.44551659,17.05406189,15.24836159,10.37174606,6.965034485,10.61437702
21,50.30421066,11.39718246,3.647374153,5.528432846,6.96807766,2.651236534,1.703718185,6.999715805,176.1582336,32.72221756,1.598946571,1.038845062,1.030971527,0.515459061,0.775320053,33.77738953,110.3318787,20.99134636,5.878605366,5.980124474,8.684324265,5.331769943,5.463098526,26.73604202,14.3490696,9.989073753,7.585185528,8.186052322,12.98728657,9.902556419,7.877053261,9.169921875,67.04615021,8.800366402,3.117344856,5.598199844,8.63555336,4.189493179,2.384904861,8.481887817,177.7853241,20.80439568,0.810758591,0.83298111,1.193916321,0.817184448,1.067649841,42.57494736,128.8812256,16.98492622,6.409712791,8.017745018,12.43866158,8.321893692,7.682720184,29.67242813,18.20761871,13.31183434,9.67615509,9.449285507,13.38165474,9.402557373,8.61252594,11.74038792,66.92146301,8.503979683,2.315598488,4.153326035,8.556770325,5.521813393,3.1959095,8.820405006,177.7859497,43.39256287,1.054034233,0.81939888,1.199407578,0.850135803,0.820674896,20.58958817,129.1007996,30.05656433,7.394853592,8.206596375,12.44104004,7.930657387,6.457867146,17.21263504,18.50862503,11.45442677,8.012214661,9.141370773,13.45820045,9.430400848,9.830730438,13.73531818,49.74632645,7.160873413,1.726724625,2.66023922,6.936814308,5.322192192,3.534397125,11.09628773,176.1443634,34.60981369,0.795284271,0.522467613,1.110078812,1.096693039,1.48579216,31.80544472,111.3705902,27.32842636,5.254497528,5.087144852,8.400671005,5.941498756,5.968439579,21.13837242,14.345191,9.284342766,7.566397667,9.57389164,12.96228123,8.171310425,7.55552578,10.1412859
22,9.044221878,10.64813995,13.72732067,20.66003037,40.8897934,52.29159927,24.98860168,9.96210289,53.9521637,36.97227478,19.50326538,16.45009422,24.69227791,30.89797592,17.75794029,23.28502655,91.72164917,40.83849335,10.68440723,5.909398079,8.365385056,12.47822094,18.17421341,51.53136444,29.87377357,16.19577026,9.597328186,10.95362473,22.21622658,27.21891212,23.99578857,28.57659721,11.56052017,9.747987747,6.906692505,10.68746567,39.39295578,82.13560486,52.10482025,17.56108475,53.76404572,22.34731674,8.534352303,10.72052002,54.95376587,95.00523376,37.91154099,18.75522995,126.9493027,47.06223297,6.298396587,4.164588928,9.661355972,14.46836281,14.77301693,51.1648941,40.38628387,15.27808094,10.51338577,16.81386566,34.47887039,37.53916931,24.88270569,25.02677345,22.68954468,24.80474854,16.07262421,13.37584114,27.6832943,49.63516235,35.2416687,19.34379387,23.72471619,10.06251526,7.047994614,10.98498249,56.42701721,108.421524,59.07036972,25.51222038,116.4983749,37.80522919,10.19607353,6.90467453,12.77675819,28.74489975,36.24497986,62.36341095,39.2089119,29.98152924,23.06063843,24.62120819,32.52345276,25.44826889,13.00766277,14.87667847,22.616436,25.86656189,18.36506271,15.86304474,20.7604351,24.00707626,16.95731163,14.64183044,21.49924088,23.4558506,18.40017319,20.5447464,35.0091362,40.17397308,25.0317688,17.2873764,41.53279114,34.48820114,17.04549026,14.71606636,23.77715111,27.20371628,22.84505081,26.33244324,27.0914669,31.61687851,21.20533752,17.1645031,20.76218414,16.24949265,12.35001087,14.76219177
23,23.60168076,27.98148918,27.96800423,24.21095467,17.22704887,11.56074715,11.63737106,14.79904366,45.90792847,36.29405975,24.09594536,17.69029617,14.0208807,14.26385975,19.92505074,29.57491875,29.24777222,24.84020996,20.83312607,18.96027946,20.86515999,22.80653572,25.73293686,26.46471405,20.34099388,21.02648163,19.00247002,16.23484612,17.10660934,19.60123825,20.24512672,18.35576439,37.66524887,28.25253296,29.41044617,31.78763199,27.29580688,20.18587303,13.23575401,14.65716648,112.6081314,40.25785065,14.0364399,9.684994698,9.19733429,13.36345482,24.9434433,56.94286346,33.8157959,14.80221176,14.50343037,26.28784943,47.95443726,54.00061798,41.05512238,30.6906929,26.56674957,26.23337173,23.9709549,21.49943352,23.02187538,22.79050255,22.15001488,22.22501183,26.96440315,7.617613792,6.511719227,12.11108208,22.66051102,53.67701721,74.36627197,39.25992203,110.5918427,43.03653717,14.99866676,9.046796799,8.150177002,21.28067207,50.94553757,63.17356873,31.58047485,25.11985016,30.50721359,42.18505096,49.14130402,41.47745132,34.01788712,22.96133995,23.73896408,19.90218353,18.65910912,17.67857742,21.5131855,29.62139511,41.30699158,32.97997284,15.36122608,9.672517776,7.471054077,3.851667404,7.536962509,43.15654755,88.39334106,48.96313477,18.04844284,8.463224411,8.336194038,5.327766418,10.38740444,49.30618668,99.83093262,62.16178131,13.64653397,9.173141479,11.18189716,10.56053352,19.15018272,54.2045784,78.49909973,41.70275116,12.48589611,9.632177353,11.84458923,12.6685276,17.23541451,37.66657639,56.82109833,31.30727005
24,23.22792625,29.92198563,23.80348969,27.62391853,43.72167206,27.73423004,9.120862007,9.647666931,66.07648468,54.08528137,25.09661865,15.13611794,13.01255608,10.4721241,11.75336552,27.28636169,36.24137115,28.36726761,19.46462822,16.52952003,19.34904099,20.91202736,20.15835953,25.69908333,20.8954258,19.670784,14.92109489,14.80114746,20.59394455,23.19043732,16.94651222,16.24698639,26.68320847,15.19214821,12.37414932,25.6061821,83.66444397,79.74601746,15.74250793,9.958592415,118.7496033,43.14953613,11.62869072,9.016047478,15.72215843,17.01309204,16.10351563,53.22255325,49.40994263,20.10893631,15.04325771,21.98327446,36.20175552,40.94185257,30.34947205,32.43054962,28.14081573,24.81650734,17.99603653,17.82743073,23.38312149,23.76685333,19.00126457,20.72506142,16.07400513,6.625089645,3.164919853,9.865724564,87.96331787,112.438179,28.39842224,10.20214176,105.7095718,63.23603821,21.6631813,9.478515625,28.10089684,47.82040405,20.06727791,27.83466911,47.73538208,53.19319534,43.3711319,35.20339584,31.89205933,22.22638512,11.77684784,14.88849068,29.84209633,26.11488152,19.53808212,17.86016083,22.00811195,22.28047562,18.42809677,21.89483833,11.73192787,14.49831009,9.240226746,14.97171783,63.33693695,76.67375183,18.75359344,6.879648209,29.21465683,23.6339016,11.23652649,12.3476696,49.15699768,69.88607788,30.61283493,19.22494888,44.27737045,43.27466202,22.12896919,12.99020195,16.35439301,22.47154808,19.87118149,24.73773575,25.70388794,25.9253521,19.23637772,16.23631287,17.26627922,16.26602173,14.3878746,17.32400513
25,33.42026901,34.20650482,25.13262939,19.76394272,14.34214497,7.287373543,6.584151745,14.68504429,96.10025024,54.60524368,19.85972595,10.44208717,6.537209511,6.248771667,11.7677002,42.74059677,59.81138229,30.65244675,22.64850616,21.95697594,16.15090942,24.15562058,28.76188278,40.09718704,11.86415386,13.78240585,26.575737,37.11528015,33.18867493,32.95606613,26.1593914,14.89033222,46.16511154,27.3398819,23.04321861,24.56973076,21.18274117,11.79458237,6.961283684,12.78230095,129.0819397,55.99861526,15.86606884,10.80703449,5.631570816,4.072449684,5.588107109,47.3367424,61.49915695,29.55982971,56.7454567,83.98646545,33.74781036,14.40320396,13.31043053,24.19056129,12.37979507,27.88728333,69.49281311,74.48055267,29.1073761,12.83199406,9.047924042,8.038383484,37.81064224,19.12958145,11.88685513,16.29876137,19.63049316,16.97025108,15.13672447,19.05853844,109.9573822,94.41699219,62.70781326,24.06203461,6.283819199,4.497850418,5.488731384,18.32607079,18.88436127,38.87437439,100.5233231,106.9898682,25.12472153,4.486066818,4.384388924,6.522813797,19.38528442,31.43217659,61.44167328,54.38837433,14.64938354,5.96010685,8.896223068,14.44038582,17.72641373,14.8192997,12.32774067,13.6733017,14.27058601,13.79519463,14.4489727,16.38072014,24.77032089,30.18545914,30.87918854,20.82160568,13.66687584,12.08680248,13.84789085,17.93896484,18.62517929,20.64899635,37.09371948,30.17816734,13.73387718,11.40643311,16.14060974,19.06835938,18.70850563,18.70801735,22.58319283,18.52381134,9.82862854,9.206350327,14.91152096,18.79640007
26,29.30913544,9.874253273,7.663478374,7.834273338,8.044049263,12.01742649,27.9769516,54.3664093,21.62102127,8.613409042,10.28988266,8.46389389,8.859828949,25.7051506,78.55670166,69.84348297,9.066169739,8.697081566,10.29255676,8.341520309,16.74654007,70.71058655,81.50509644,25.19290733,8.721906662,8.83521843,7.782646179,8.324440002,21.70690155,53.30379105,35.96150589,15.19155121,82.95019531,21.02950478,10.06330776,11.58515739,14.00730515,9.31495285,15.04208946,66.0279541,46.84451675,26.88412666,45.03191376,64.63763428,43.9757309,18.96987152,28.2637558,49.76106644,75.68378448,55.29389954,33.86136627,20.3855629,30.38689232,54.44736481,37.1006546,24.58545303,14.90239525,8.862410545,7.482018471,21.63853645,71.12228394,74.00421906,30.3813324,14.2466135,81.29206848,48.3670311,16.44106102,14.51967525,17.87863731,10.58724785,9.527124405,24.90313339,54.00331497,36.92772293,25.91889191,38.90988159,56.96076202,41.75067139,27.80496597,23.2639122,91.85797882,33.01700211,28.44478035,41.73817825,34.2721405,15.76436806,21.67065048,44.69440079,19.82683945,13.63425064,22.29660988,62.63568497,76.474617,24.38532066,8.268541336,9.909168243,34.31500244,41.55234146,21.4780407,14.40549183,12.36237812,10.8856144,10.60112953,13.03128624,28.1552124,50.50961685,48.78817749,26.72469711,21.54248619,14.08165932,14.4314518,13.71880531,28.75453568,33.2432251,57.8960495,51.53404236,20.88178253,9.577924728,11.8250227,15.21683979,12.84805298,16.11357117,29.4856472,50.39411545,32.42661667,10.39926338,8.222675323,9.894956589
27,12.10398674,8.010501862,8.393087387,11.43098736,10.88694668,7.410811901,7.387983322,10.89479446,49.76385117,11.66719246,6.855135918,7.560021877,7.828025818,7.09057188,10.11234856,35.94254684,112.1151276,9.978412628,2.472071648,1.830928802,1.97621727,3.076250076,17.35081863,117.7920227,47.82644653,6.136645317,3.371112823,5.28098011,8.626638412,13.47758102,35.75348282,80.88684082,18.42978096,11.10603809,7.93470192,9.425140381,10.84693146,8.649939537,9.035632133,13.98766041,101.7250671,21.37406731,8.075092316,7.778570175,8.760169983,7.737114906,7.671387672,27.03061295,149.3113861,24.74369812,2.064099312,1.638650894,2.252941132,2.372682571,7.497709274,89.00486755,62.81214905,10.79875374,6.554941177,12.81650829,20.68981934,17.73710251,21.85901833,48.68354797,18.11297607,13.71653557,9.199457169,8.87695694,10.99560833,9.531217575,7.649772644,11.04441643,102.5424271,27.23646164,7.961746216,8.082016945,8.764188766,7.644032478,7.441527367,20.2481842,149.4368286,86.56040955,5.689863205,1.983177185,2.219429016,1.689189911,2.126483917,25.45195007,65.37210083,46.31634903,16.8902359,15.20128632,20.86829758,14.17851448,7.678429604,12.21888924,11.78122711,10.60721493,7.498899937,7.792981148,11.11271667,11.45811367,7.770021439,7.589018822,51.13130951,35.69979858,9.908212662,7.241673946,7.594963074,7.330862045,6.528104782,11.43546295,118.1467438,118.227562,14.29229641,2.422515869,1.646766663,1.674381256,2.337490082,10.3993206,52.04244232,81.39894104,31.16942406,12.28600121,8.608636856,5.520040512,3.478357792,6.484175682
28,37.03988266,56.25280762,36.17564774,12.70999908,5.961005211,6.27389431,11.56174946,13.97855186,45.22528076,71.75964355,40.80174255,11.29657364,7.562491417,13.99389648,21.47144699,20.95829391,30.73692513,42.86867142,25.66775131,15.80505371,18.16044617,26.36604881,29.30487251,21.23670197,15.89837837,15.25844288,13.59970379,15.52103424,23.47436714,28.54834938,27.50904846,17.55655289,28.53563881,61.60069656,49.01227188,17.11376572,9.199876785,6.539129257,6.40988636,9.485104561,44.32322311,107.1833649,91.48322296,21.61687469,5.520944595,4.133932114,5.152968407,7.425037384,110.9020691,102.8997955,43.59904861,10.5226841,8.027387619,10.45150566,14.00448418,24.36286736,31.0157299,17.14507103,13.74343205,21.24006462,29.52490616,32.72905731,30.17454529,22.31368446,19.75058365,26.540802,23.86410141,14.21388531,14.6180563,13.89743996,10.92570496,12.71370506,89.29027557,40.026474,29.31764221,13.48465824,9.924541473,9.517444611,11.58598328,31.65533066,130.3962708,58.24594116,13.33146667,8.31999588,7.18104744,3.660682678,5.481215477,49.69289017,39.84509277,25.52278709,24.46533012,33.85141373,35.99266815,20.11511612,12.37102795,14.98458385,15.35376644,12.38639641,8.93640995,9.240584373,14.83730221,19.04552078,15.94863701,14.05919456,68.41545105,31.32603455,9.714028358,6.690965652,7.964909554,10.76856995,13.93858147,31.43327522,98.02889252,67.40479279,22.15660667,10.79032516,7.544782639,3.737012863,5.647140503,29.49513435,29.67567253,38.03369141,29.2873745,25.59160423,23.19407654,9.655557632,6.828013897,11.27177811
29,41.52934265,13.92276001,5.86618042,7.719007492,11.95846939,5.04400444,3.302176476,9.248308182,119.4781647,26.9596386,4.308356285,5.752469063,14.552948,7.453526497,5.159978867,28.43900299,45.41042709,12.32022381,6.534276485,26.45363617,79.54290009,23.67157555,6.85344696,13.12352371,90.64493561,23.34797096,5.026534081,8.201786041,19.16697693,7.451538086,5.681741714,25.43069839,54.28137207,12.2587595,5.862873077,9.596598625,16.25405884,7.53446579,3.778915405,9.725521088,139.6635742,20.90713501,2.474407196,4.494827271,18.0764389,10.57093048,4.926407814,37.31406784,57.19999695,9.573232651,3.736558914,25.99515152,115.5112381,44.1771698,7.157499313,15.7382431,116.8165741,30.59379959,4.056735039,7.341353416,22.83059311,7.653945923,4.698047638,32.97977448,54.35961914,9.736433029,3.722732544,7.320394516,16.32248306,9.564777374,5.756072044,12.36334133,139.7180939,37.7626152,5.18374157,10.25573349,17.93024826,4.627817154,2.52295208,21.31563759,56.98273849,16.04485893,7.660669327,43.3883667,114.7098465,26.91194916,4.011990547,9.669513702,116.7127457,32.77517319,4.618961334,7.605371475,22.89115524,7.628340721,4.258656502,30.78470421,41.9654007,9.185645103,3.110546112,4.632079124,12.12030029,7.747150421,5.663276672,14.34768867,120.3829498,28.64958763,5.204229355,7.190323353,14.47810364,5.864233971,4.480748177,28.04166985,45.13217163,13.4115448,7.160467148,23.1227932,79.77540588,26.95368576,6.690963745,12.48881912,91.69293976,25.23057365,5.55065918,7.233933449,19.51363754,8.345973969,4.887828827,23.59277534
30,18.38687134,12.57033157,12.84427929,17.19638824,15.47492981,9.302485466,9.870927811,16.18376541,50.64804459,23.20808411,12.85648346,12.7014637,11.91177559,9.635886192,13.070755,31.32158089,93.60279846,22.93939018,5.90606451,6.397227287,10.04040527,9.897451401,20.29671478,73.04013062,28.64632416,6.810585499,6.494468212,33.90328598,61.38730621,26.62939835,20.24917412,33.5110321,23.31131554,15.64132404,14.66431046,17.17096901,16.40098572,11.16660213,11.82042885,19.77011871,74.93684387,33.60689545,21.35678482,21.87593079,16.91372108,10.88723755,10.23737431,22.32723045,128.3758545,49.74290466,10.48370171,15.64097977,16.30614662,5.833265305,8.181098938,47.66707611,27.77366257,9.406346321,12.82492065,88.32531738,99.96716309,19.95648193,8.178453445,13.64441109,22.97260666,15.13754463,13.87084961,16.32644272,15.8500309,11.80273628,12.45449924,20.14673805,74.79766846,15.79383278,10.31799507,15.35576153,15.7962656,14.18943024,22.08024597,52.8458252,121.0242081,37.17117691,18.13260078,44.03590393,27.55133438,4.753623962,8.993530273,53.44908142,13.93252754,9.583110809,20.54367447,113.5068588,99.06207275,7.59052372,2.004859924,3.731227875,21.15345383,11.75656414,8.994855881,11.58933544,13.21642685,11.52862167,13.42650127,21.47161484,62.64068222,22.00775146,10.9179554,13.13925362,9.860815048,7.552845478,13.87021637,47.18715668,54.15175629,28.46536446,25.96074104,59.2364502,41.44851303,6.935441971,6.204660892,26.41419601,7.278730392,5.497613907,14.75174141,78.61608887,67.83680725,10.18860817,4.998523235,6.734144688
31,25.15177727,28.76860619,29.25065422,26.59226227,24.04163742,21.03644943,21.82209015,22.33119965,31.55451584,32.42530823,25.30725861,25.20484924,32.98557281,35.94697571,29.5426178,26.44127464,22.97518539,23.06615639,21.49889755,28.33824158,43.08854675,44.10538483,26.94334412,20.36423683,27.6023159,25.19939804,20.69633102,20.59902573,23.43315125,22.23727036,18.80648422,21.49944305,32.7515564,32.41728973,40.39049912,51.06637573,48.71031189,28.14873505,13.99624062,13.75925827,114.6608505,50.64267349,22.60864258,18.20402527,22.33850288,31.02161407,29.93424606,52.99009705,26.9497757,12.75137329,12.19661522,34.94801331,93.65065002,87.88987732,38.87332535,23.97617722,37.16199875,30.92629814,23.70785141,24.06988716,32.89731598,25.59910774,20.35586739,27.87084198,32.35520935,13.87219048,13.75633717,27.09246063,48.77098084,52.83556366,41.04273224,32.19597626,113.7849655,54.36641693,31.78339195,31.3269825,22.55329704,18.86190414,22.77457047,49.31270599,26.75536346,24.78780937,41.24873352,87.84906006,91.84992218,34.62669373,12.29018879,12.70597458,37.41248703,27.18041611,20.07170486,25.41333389,32.60923386,24.14075661,24.09728432,31.41152573,24.45315361,22.90798569,22.5072937,21.94799423,24.7052269,26.79634476,28.33423615,27.34649658,29.80070114,26.47357559,30.44721222,36.3536377,33.71388626,26.01473236,25.33585167,30.6350708,23.75122833,21.47964096,28.02483749,43.39532471,40.54827881,27.56722641,22.22742844,23.50978279,28.01670456,21.76488304,19.10328102,21.8816452,22.95776367,20.30739594,20.90746307,25.43296051
32,15.33911324,46.80670929,86.85004425,44.79324722,7.940929413,4.090345383,8.225967407,10.73172188,16.49010849,57.57183075,99.7870636,53.40267563,11.66086197,5.51230526,8.487561226,8.815063477,13.57123566,41.38553619,78.21290588,55.46643448,19.23762512,10.29223824,10.93572807,9.101816177,13.7506609,32.3236084,55.88684082,35.88359833,16.71598434,11.95379734,11.528862,9.925317764,26.27541542,38.48651886,75.60044861,56.88931274,22.87791443,11.89932919,6.570751667,7.698842049,109.6858902,59.91312408,51.47125626,22.95171356,8.267183304,10.00749207,17.24135017,45.66989517,30.54475784,22.05228233,30.88399124,36.9538269,47.95066452,46.75489426,34.92160797,27.25347328,24.51726151,31.89865494,37.09648132,26.2765255,20.68171501,18.59397125,20.71775818,21.81829453,37.67049408,14.54067612,13.70112705,20.76313782,27.94378662,32.78484726,30.70732498,28.88196182,113.379921,56.9557991,23.87513924,12.88679123,9.225595474,10.1506958,15.34152412,42.06999207,34.85017014,31.72330475,40.03315735,50.55407715,46.72674561,28.26948357,15.64467621,15.50557899,25.56333733,22.35841751,21.78062058,22.54987335,22.77590179,22.27168083,24.92420578,25.55400848,23.56346512,15.11949539,11.91144753,11.47590828,17.32074547,24.3173027,29.09658432,28.96858788,45.74025726,30.18698692,20.13373947,14.78744984,14.49021053,17.77233315,24.9314003,37.09765625,29.28125191,27.89669037,27.58555985,24.38414001,20.75531006,18.47709084,19.78692245,24.19021225,20.21926117,18.59257889,22.04000664,21.51755714,17.26911926,15.642272,18.09051704,20.21287155
33,14.13609123,8.539981842,7.414934635,18.4032135,46.93465042,27.0654068,12.06499577,11.82058716,29.47687912,13.12488937,8.434703827,31.75167465,90.06053925,38.00781631,8.999675751,10.75569344,115.8304901,31.23205948,6.589814663,9.401433945,16.30125809,7.305314064,7.420256615,46.79163742,46.34211731,13.78353882,5.73221302,7.251520157,13.07812881,11.84099007,12.04196167,28.60453606,18.50900269,12.33158779,9.154953003,20.9796257,54.35404968,27.45451355,12.060462,14.12848854,39.63186264,13.41641426,7.911057472,48.85275269,125.5042267,42.75270462,5.799516678,7.325763702,140.4538269,39.3265419,5.824323177,11.31598949,19.47578049,6.259140015,4.513816834,37.81485748,56.23794556,14.4751482,7.278727531,11.7869091,18.90441895,15.01090145,11.38438892,23.08791542,19.47787285,14.39848137,11.67357731,25.09062195,53.45359421,21.70250893,9.191656113,12.32970238,38.67673111,7.192932129,5.428027153,38.49283218,125.7059402,52.81302643,8.70949173,13.39867783,140.237793,38.38858414,5.154848099,6.166690826,19.69137764,12.22669029,6.28337574,39.06175232,55.97196198,23.40676689,12.52272987,15.54773903,18.78547287,11.64923191,6.893987656,13.84317207,14.97755337,12.5744133,12.15011024,25.3477993,45.01555634,17.92230988,7.454123497,8.682478905,27.49752426,10.68604851,9.186796188,37.15906525,90.44277954,32.29382324,8.504938126,12.2861042,112.9055634,47.10341644,8.692619324,7.899693489,17.53894234,10.05439472,6.728905678,29.5194416,46.01317978,29.40745926,13.38679791,12.50099373,12.95358944,7.114208221,5.564730167,13.0367918
34,10.31472397,9.962832451,11.96315575,12.87012863,11.54411697,9.142389297,9.036883354,10.22089672,27.63865662,15.07060528,11.86966133,11.04885101,10.79547501,10.727108,15.34699917,25.73570251,46.1337738,11.77253437,7.365757942,6.010272026,6.539106369,14.19766521,49.63822556,86.32519531,18.972435,7.831479549,6.805283546,5.633621216,9.159528732,33.43618011,76.55812073,59.84764099,13.82192993,11.66391087,11.09041786,11.90592384,13.47786903,11.9342165,11.52314091,12.44926929,75.01947021,25.43008804,15.51292515,13.83938789,14.30438519,11.58975029,10.47658253,22.73630524,133.4736176,32.5744133,6.099248886,3.452964783,3.691856384,9.225379944,36.40430069,110.9995117,38.74968719,12.79629135,13.95232868,21.04999733,32.07339859,55.34226608,74.9703064,64.99079895,14.15994835,12.19459724,10.58056641,11.43810081,13.334445,12.64488125,12.68818569,12.77225304,73.33655548,22.22083664,9.86167717,11.45386314,14.60849667,15.07373428,17.75314522,26.7040062,132.7842102,113.052536,42.61743164,10.22603798,3.66714859,3.778134346,6.540202141,31.66850281,34.12770844,66.20846558,86.67072296,60.32275772,30.27280426,18.45181084,11.9031601,11.0427742,10.44276237,10.71987534,10.48058891,9.934659958,11.75137138,12.51670551,11.88262463,10.43624973,25.38749313,26.12641525,17.61877823,12.66159821,11.24054337,11.02189732,11.78721046,14.62318707,36.53493118,81.26860809,57.41218185,17.46308899,7.394952774,6.329627991,7.43563509,10.62519073,14.11947823,54.15006256,83.88605499,36.41545868,8.405334473,4.931960106,6.802403927,7.53442955
35,20.85300255,24.09686661,28.84912682,28.53885651,22.20802116,16.39637947,15.60087395,17.80555534,22.33304977,34.80784607,46.50841522,43.78175354,28.48910522,16.91085625,13.84351349,15.45332432,37.79555511,46.06853485,41.08058929,28.78458023,19.42089272,13.82260323,14.60210323,22.83135796,31.49092865,26.5514698,19.75873947,14.7211504,14.26615143,15.85090256,20.34649277,28.4582634,20.35411453,23.09878922,29.72533798,37.34883118,38.41007996,26.12401199,20.19312859,18.8199234,22.57868958,36.96855545,64.80804443,86.08081055,72.37898254,29.40187645,10.82550907,9.603414536,117.4309235,79.59693909,46.01108551,24.95277786,11.4318428,8.559820175,12.33078098,38.68317795,52.51455307,24.58450317,15.76287079,14.9176712,16.41440201,21.44147873,28.70489883,37.12623596,19.91728592,18.07814407,19.05506516,24.75458717,38.74657059,38.95730591,30.81853867,23.49191284,22.55924988,9.771045685,11.07581329,29.18968201,74.54795837,88.61734772,61.43203354,34.17162704,117.9686813,42.24780655,13.25809288,8.684120178,11.84612846,25.1479702,42.65080261,75.19454956,52.70439148,39.48724747,29.73012161,20.8047924,16.49142838,15.2360754,14.85319138,23.08703613,20.03355408,17.89350128,15.72502518,16.68752289,23.1819973,29.57733917,28.04621124,22.58512115,20.17179871,14.96112633,14.38874245,18.70982552,32.33515167,46.73209763,44.35368347,30.77368736,39.2135849,26.05373764,15.49404049,14.24809647,20.14069176,29.15766144,38.71789551,42.74730682,32.87079239,31.54812241,21.66392136,15.51955986,13.13303661,14.01506138,18.69011688,25.5843811
36,28.88300896,33.92777252,22.64411354,18.23547935,15.9376564,8.929327011,6.301810741,10.77547359,67.31342316,60.46316528,23.61186409,11.84434795,9.519965172,8.276208878,10.02233696,23.89761353,78.9394989,88.07402802,27.87163544,8.943060875,7.375076294,8.318421364,8.901956558,19.57779503,67.06103516,80.21135712,21.55281258,7.133719921,11.32228851,14.19180489,9.171890259,16.03169441,42.58549881,24.48697281,18.03659058,20.70564079,23.20350075,15.40345001,8.496825218,14.02506638,117.7262421,34.69331741,9.190718651,6.745069504,7.932033539,11.78090858,19.18768501,56.95146942,64.11439514,59.04171753,23.10179329,22.27237129,37.17160034,36.70552826,24.90692711,26.77840424,82.57673645,109.7098999,32.89178467,9.124132156,8.876766205,6.736585617,4.013788223,11.69321728,42.51061249,14.68255234,7.678734779,11.66972351,22.32459259,24.47279167,19.56586838,23.90798759,114.9710922,57.12809753,20.77283859,12.65632057,8.967226028,7.84382534,9.386444092,31.69714737,40.4266777,40.72317505,39.78119278,52.81008911,50.51316452,23.64456367,8.776323318,11.32304955,73.60522461,83.04722595,25.20797729,11.46091461,11.9015274,9.877610207,8.350698471,18.47521973,28.52522659,16.11459923,8.41239357,8.78030777,15.96146774,19.55799484,18.24308586,22.81283188,54.96025467,33.79692078,16.15519333,12.65606976,13.37104225,14.50095272,16.32669258,29.89373589,34.33155823,29.32151031,21.13938522,22.06643295,25.82037354,20.41045952,16.05307007,20.72349358,49.56687927,40.48034668,14.70777893,10.08602142,12.76028728,13.54486656,13.09366703,22.39254379
37,37.30264282,20.30638695,14.40309811,18.93229866,23.22277069,8.850786209,5.518649101,12.15423679,120.9397888,39.16584778,10.38258266,10.64096355,21.80449295,10.87157917,9.322822571,42.50014877,39.75617981,10.54845715,10.07414246,44.97768402,106.7038803,38.14610291,12.74963188,17.76205826,25.71896935,15.37687016,13.71047592,24.21361542,46.59603882,17.64452362,10.051754,15.34306335,50.27571106,15.67127514,12.62340546,23.77397728,29.10362434,11.54037666,5.639648438,10.55444717,135.6025238,44.25730896,9.517783165,12.8293829,24.44816589,11.22904205,4.488823891,43.21455383,47.410923,12.72378922,12.00748253,66.79793549,126.2579422,51.73558044,11.94944096,15.60441971,33.40277863,19.11359787,12.70555496,26.88462448,53.01199341,19.96971512,15.17047691,20.79892159,32.02732086,18.7217598,14.81918144,20.35112953,18.50827599,11.23462772,7.794383049,8.910924912,113.7252121,117.5045471,73.75374603,27.6105423,8.939317703,3.535953522,2.765909195,9.529842377,18.12482452,40.25063324,88.14085388,109.2244415,71.38088989,11.26652622,5.018140793,4.823158264,24.81522369,27.83094025,31.9377861,31.12013054,26.60480499,10.86895084,10.85475349,13.22576809,9.202150345,10.7748127,11.39872742,10.83172989,11.37681007,9.540430069,8.975750923,7.470470428,14.97525787,31.67852402,33.03746414,12.85040092,7.6574049,7.710640907,10.59922028,10.13613701,13.00120544,20.28047562,39.51568604,24.14028549,8.639450073,7.690834999,11.25596714,10.27478313,14.36316872,17.2063446,21.95672607,12.02969837,8.40958786,6.869059086,9.053899765,9.959720612
38,22.78794861,14.0544281,15.32485676,16.82240677,18.77410507,17.78995705,18.71844101,22.00512695,36.76275253,23.44373322,20.12073898,19.76720238,26.11495209,22.15278053,18.25654221,23.63677406,63.67488098,26.42879677,12.70316601,10.16374969,19.52098084,22.44645309,26.40550995,43.29974365,19.15547562,10.9575758,9.644710541,15.05349636,40.93491364,35.86061096,24.67964935,21.26411438,38.65137863,19.67307472,11.61918736,13.81256294,23.93695641,27.3114357,29.77433968,31.46822357,50.81343842,21.69402695,15.40440178,24.63995743,55.61183929,49.63531113,25.75292206,20.8683548,116.3915405,39.55921173,9.849394798,10.09061623,26.38683701,19.57235146,15.36073017,43.18532181,26.82718849,11.55579948,12.13671684,31.90321922,71.17731476,44.75901031,19.43476868,15.87615967,42.94002533,44.2731781,25.18857956,15.12474632,16.56724167,20.37778282,28.42125702,27.71730042,30.0338974,29.40581703,27.67233658,22.57142639,42.93562317,63.66323853,54.80340576,33.25139618,88.99332428,34.3299942,47.40109634,42.73810577,21.2489605,17.07180023,29.11322212,54.26293945,15.03171921,17.75339699,51.15092468,77.17483521,56.87323761,18.78857994,7.777842522,6.559522629,15.80215645,41.47164154,55.29064941,25.34020233,9.957743645,7.448248863,9.488931656,9.415863037,10.66116714,47.09175491,91.83591461,47.97801209,12.15312386,7.048729897,9.702430725,7.58354187,8.074733734,29.65851212,97.03608704,69.36372375,12.14152145,4.476635933,6.669387817,6.601280212,7.01480484,16.49608421,62.15756226,58.37927246,14.614604,4.943547249,6.533286572,7.362572193
39,18.27933502,15.87075233,13.37748528,13.35004807,12.75732422,10.18722916,10.39539528,15.04784298,25.75408554,14.01828671,11.25653076,10.52261925,12.13037109,21.74004173,41.1444664,44.34526443,13.30819321,12.3290329,11.53699017,11.08569336,19.45422363,46.13233948,42.92109299,20.15232086,14.33368397,14.26539993,12.64093113,11.88403511,15.0837574,16.40935135,12.41202545,12.20362377,51.26529694,18.84108543,13.46233463,14.9341011,14.84646893,10.39027882,7.961773396,20.05186462,128.6036224,28.50954056,7.062761307,7.133623123,11.60889626,34.353302,74.01566315,114.8738022,17.30070496,7.477630615,7.077658176,30.54703522,109.1269836,120.6491089,82.97122192,36.13768768,14.12009239,12.8986187,11.90153027,17.94690704,44.27784729,33.60497665,14.51635647,12.50379276,52.10669327,20.16821098,8.209156036,10.68071747,14.21197701,14.31749344,13.73443604,19.10326576,128.6911621,114.4825897,71.77346802,33.94525146,11.6058979,7.383228302,7.41633606,29.43519592,17.49139404,36.70302963,80.7166214,119.4659271,110.7630386,32.61193848,7.478393555,7.605998993,13.45778465,12.52925205,14.85761452,32.8105545,45.45262527,19.38597679,12.03873825,12.47589111,19.09936905,15.77525425,10.38574219,9.713647842,12.33577538,13.44885254,13.56868172,16.28536034,26.89134216,46.31872559,41.86356735,21.86619186,12.03052521,10.73184109,10.81700993,13.63309479,13.04390717,21.51642609,44.16664124,47.41170883,19.89386559,10.91593552,11.02571869,11.66185188,13.70477676,12.01779652,12.88354301,16.86486816,15.36415863,12.37504578,13.04076004,14.04508972
40,10.50552559,5.408335686,4.144993782,6.038990021,9.981812477,4.837374687,3.778846264,5.534371376,86.5476532,17.32335663,3.319847107,3.280361176,4.827383041,3.348187447,3.596437454,14.3025322,144.6902161,21.62786293,0.996109962,3.195495605,33.65769577,7.711501122,2.832935333,28.90140915,17.01529312,2.743522644,1.485519409,17.83792114,129.3453369,22.65063667,2.334085464,5.159215927,13.49329376,6.780440331,4.746716499,6.24577713,11.30763054,6.012260437,4.914286613,7.29758358,105.2572784,21.04246902,5.339172363,5.326673508,7.125852585,4.68892765,3.763085365,10.64700127,151.8207855,30.69825745,1.406251907,4.997714043,41.55395126,6.679510117,1.3436203,18.55846787,21.86239624,3.278734207,1.317593575,22.85140228,144.8736572,25.61377716,1.55522728,3.67568779,13.63360977,7.253375053,4.857699871,6.098438263,11.21147919,6.097457886,5.115124702,7.213159561,104.7132339,10.5871048,3.715517044,4.760540009,7.125640869,5.320081711,5.878120422,21.49899673,151.6747589,18.7567997,1.47403717,6.701667786,41.53596497,4.934631348,1.490668297,30.80809212,21.85193062,3.745620728,1.618257523,25.62636566,144.9065552,22.78261948,1.329059601,3.220458984,10.69343758,5.614379883,3.960912228,4.84808445,9.900351524,6.053586006,4.450390816,5.56948185,85.8530426,14.42988968,3.899703026,3.439803123,4.899001122,3.358539581,3.619466782,17.33957481,144.2360535,29.32999802,3.194992065,7.586992264,33.50088882,3.256525993,1.099220276,21.63056374,16.96063232,5.37212944,2.60515976,22.48097801,128.7766418,17.9332943,1.586037636,2.755055428
41,109.3027496,15.69905472,1.530011177,1.661563873,3.20375824,1.21331501,1.266527176,22.54918289,114.7145844,20.02903557,2.55854702,4.068733215,11.42028046,4.171205521,2.941091537,30.04259682,122.8749695,21.80177689,2.366584778,2.367325783,3.615674973,2.044822693,2.99899292,35.68743134,45.61726379,9.862609863,3.015439987,4.307082176,10.0696888,7.132369041,5.923359871,19.00134468,129.6463623,19.64937019,1.185985565,1.36378479,3.307237625,1.277546883,1.291567802,26.63282204,126.5920258,26.71672821,5.353738785,8.745955467,17.25309753,5.484801292,2.897018433,24.10927963,136.4689331,32.21588898,3.241278648,2.787734985,3.769630432,1.900373459,2.195186615,25.23804855,58.61761475,13.45451069,3.969715118,6.131929398,12.66327477,7.626829147,5.267702103,16.19101524,129.2640533,21.12208939,1.237483978,1.392830849,3.339336395,1.350036621,1.475436211,24.89666367,124.7528534,21.14575768,2.844926834,6.052515984,17.7637291,8.894521713,5.857497215,28.2482338,136.3000183,25.11274719,2.408287048,1.981721878,3.785419464,2.770370483,3.236428261,32.12296295,58.81165314,16.25709724,5.581893921,7.95483017,12.65309906,5.847977638,3.902918816,13.26152992,108.5786972,19.18224144,1.311314583,1.457717896,3.309397697,1.661150932,1.747713089,18.42163086,111.8249054,25.62545586,2.85784626,4.638334274,12.13492298,4.483707428,3.074102402,21.39432526,122.1446762,33.5452652,3.132106781,2.175048828,3.723325729,2.427402496,2.525699615,22.64902878,45.69036102,18.33187103,6.123231888,7.351867676,10.19499397,4.121440887,3.040700912,10.26590919
42,40.04533386,38.54653931,20.20399475,13.68699265,9.371788025,4.676810741,3.776620388,10.92298698,110.7409973,62.82700348,15.66113567,5.710507393,3.079731941,2.187972069,3.804411888,34.38598251,82.86807251,39.22864151,12.81580925,7.84651804,8.229667664,9.3058424,11.89914894,36.66207504,24.31426239,18.70527649,12.4978199,11.33049583,17.35803413,19.75755882,15.91422081,17.85612679,53.85475159,27.90553665,16.01767349,14.90967751,13.61215019,9.295721054,6.892426968,14.88153267,133.1015472,52.38509369,9.103503227,3.290737152,2.319635391,2.231376648,4.437828064,54.17858124,96.16153717,43.96146393,24.30211449,13.1039753,11.01652336,10.98921394,13.49874687,38.55471039,33.09784698,34.22528839,23.22025299,13.82872963,16.10000038,15.34533501,12.92050266,18.24444389,46.5067749,23.85805511,10.12259102,10.08798599,12.37434292,12.95700264,12.57581615,18.34941483,123.3057327,109.2902374,32.14338684,4.629995346,2.558109283,2.952337265,4.370593071,18.8837738,59.53970718,108.2505341,74.06352997,17.21566391,6.10338974,4.089798927,3.876187325,10.57088852,35.41724396,59.20591354,44.68296051,16.95081711,10.8003788,7.978778839,7.489974976,12.73004723,21.89899635,20.72494888,11.423563,8.515205383,10.99129009,12.2567606,11.04776573,12.67397499,51.29092407,67.99841309,24.57717896,8.041935921,6.863296509,7.999685764,8.727752686,14.05156326,53.56021881,91.74691772,45.657444,7.947703362,3.29259491,3.789497375,5.57927084,12.40268803,34.24461365,61.95470428,44.59859467,14.52010059,5.940673828,4.13210392,4.773377419,9.653642654
43,108.4499512,32.17184067,4.524321556,3.628063202,4.347174644,2.067018509,2.991048813,32.30240631,124.480278,38.83479309,5.8369627,4.056865692,4.82435894,4.418471336,7.251368523,48.79018784,44.9515686,21.59985542,13.82650089,15.12722969,18.76746368,16.02784348,15.58940029,28.40460587,18.14820099,14.70090294,12.41659737,13.92045021,18.40227318,17.59198761,14.03562927,14.70706558,125.8868179,35.33791351,4.528033257,3.327608109,4.641931534,2.669613838,3.584166527,33.62480164,140.9460907,36.73812485,5.007743835,4.239803314,5.26417923,6.028138161,9.550239563,56.10963058,50.80414581,17.61349869,13.25947571,21.42523003,35.97200394,32.48555756,23.98862648,30.75686073,24.10121155,20.17299652,16.36495018,17.06965446,19.9787674,17.54106331,15.50260353,18.53764725,124.0898895,27.1260376,3.119552612,2.756382942,4.679468155,3.566102982,5.844947815,42.00358582,139.9997559,54.05828476,9.502590179,6.235731125,5.474012375,4.333986282,5.524645805,39.45074844,50.36470795,30.72575378,24.60297775,33.28974533,36.03546524,21.01270485,13.34793377,17.54245758,24.10730553,18.81844902,16.20656967,18.42784309,19.93933487,16.53143692,16.4731369,20.11260033,105.669075,27.27360344,2.835506439,2.174593925,4.339682579,3.753264427,5.565807343,37.43612671,119.4857025,42.8793869,7.408726692,4.849006653,5.504455566,4.616731644,7.105493546,43.10414886,42.87628937,26.23342133,15.90202332,16.76254463,19.30627441,15.18339348,14.35593128,22.25625229,17.96479034,14.69384861,14.57102394,18.29019928,18.89504051,13.78972054,12.90395641,14.92636299
44,20.90223885,8.176641464,4.999031067,30.59132385,105.4375,24.3497467,3.543065071,5.783945084,121.7611847,33.53856277,5.986863136,10.79506111,22.56401825,4.378055573,3.050719261,30.84669304,83.8105545,20.50827026,5.977269173,5.70320034,7.547422409,6.281083107,7.500248909,31.3001461,18.24807739,9.660698891,6.309980392,8.452037811,16.48468399,12.58281899,8.747456551,11.18787098,27.1511364,6.111625671,3.509589195,36.60198975,130.6517181,32.78395081,2.994167328,5.575800896,138.4065399,24.14997482,3.533514023,9.084451675,27.11177635,6.372372627,3.561383247,40.48982239,97.57810974,17.73970413,6.224681854,8.369644165,11.74674606,10.56468201,10.16627407,31.28676414,22.62192154,12.81258965,8.559745789,10.97397995,18.50197029,12.1075592,8.914329529,12.32600975,27.34800148,5.614632607,3.037053108,32.93851471,130.7060242,36.78121185,3.458000183,6.097396851,138.566452,39.84545136,3.452366829,6.317160606,27.17935753,8.93920517,3.541906357,24.55155754,97.74769592,30.66438293,9.971563339,10.3674469,11.75964737,8.604820251,6.368552685,17.79824448,22.66945267,12.58387756,8.714934349,11.82565308,18.22308922,11.02872658,8.852850914,12.52877998,21.29315376,5.662597656,3.677743912,24.73362541,104.9662399,30.03127098,5.120067596,8.413381577,122.7602081,30.34555817,2.855879784,4.207152367,22.36520576,10.46502686,5.97576046,34.16669464,83.5125885,30.71407509,7.4184618,6.314871788,7.699901581,5.790017128,5.894598484,20.40240479,17.97753525,11.53534889,8.922842979,12.41064644,16.04930115,8.558659554,6.331581593,9.258707047
45,15.95207882,15.1143322,12.93065643,12.09676361,12.83991051,12.45570374,12.14454174,13.28069973,23.61196518,18.57302475,13.60553169,10.83205986,11.94052601,18.56260109,30.55660629,29.07882118,16.65945816,17.90893364,16.78787231,10.94635105,12.12614441,28.52799606,40.65280151,20.27179909,17.418396,17.57654572,15.25569057,9.540904999,9.128852844,18.56588173,26.63796234,18.54647064,35.73910904,17.04109764,13.65234756,14.91718483,18.0856266,15.63944054,11.47424984,18.15457344,110.1486511,16.75480461,5.060207367,4.254095078,5.721948624,21.80597687,63.71814728,99.43878174,18.65358734,5.936044693,4.951755524,5.090322495,21.52087975,100.8414917,106.5294876,44.16220474,18.18134499,13.16502953,8.787055016,6.056067467,14.11679268,56.80047607,70.68351746,33.5858078,46.39886856,12.78164864,6.923977852,11.61908722,20.88936615,22.2657795,18.64403534,22.56651306,130.3839569,51.26192474,5.986182213,4.192375183,5.721422195,9.777237892,13.28768158,51.09067535,63.50048447,27.89272308,15.97203064,16.42357254,31.66329193,77.93684387,56.39591599,30.42021942,13.64464188,10.03687763,10.9996767,14.47135544,29.25432205,70.8445282,68.92299652,28.62145233,32.42330551,14.05717373,6.49595499,7.909967422,15.36085129,17.86045074,19.70510101,27.48859024,102.1464233,49.596138,11.80273247,5.861001015,6.500939369,9.182229996,14.81094646,45.79209137,61.90351105,46.39977646,32.003479,25.50313377,15.52132702,19.04823685,20.00703049,27.45641136,12.32579327,18.41607285,30.8198719,34.05597305,31.6521225,33.32783127,24.28935242,13.24958038
46,28.50030327,22.57632446,17.65103149,19.21404457,16.56344604,9.246482849,8.737843513,16.95405388,53.43907547,29.8106842,16.28506279,14.59884834,13.83334351,12.8794899,16.84737968,33.82096863,33.93675232,20.71567345,15.85826302,20.45573044,26.04188347,21.97562408,21.44672012,29.16087723,49.85595703,22.04236221,12.77965641,13.30473328,12.60758591,10.16747379,15.08795261,40.72058487,41.92120743,24.14479065,19.83150864,25.01968384,23.54774094,12.13441086,7.613451958,14.49737167,114.1112213,32.23704147,10.1760273,8.298067093,8.972768784,12.88403511,21.66749191,56.68539429,40.38329697,11.26559448,8.836923599,22.83018875,48.17647552,53.00525665,41.82594681,41.45481873,72.89237213,17.58198166,7.852254391,9.51145649,11.53451347,11.69381714,26.61526489,84.25600433,42.13302612,14.0694437,8.881629944,16.37716293,24.51667213,20.87959099,17.43109703,24.38383865,117.1676559,57.07728577,19.96155167,12.00385094,7.946975708,6.924139023,8.909759521,34.57617569,64.91719055,27.73072052,26.13849068,36.8490715,35.03547287,21.93694115,22.85946846,58.34291077,83.42153168,12.0782156,3.983139038,6.841398239,8.642633438,8.873270988,32.34298706,108.8882523,28.30109978,10.8216114,6.429675579,9.372014046,16.48550415,18.60172462,22.4203701,33.29595566,66.58642578,23.90486717,10.35183907,8.565891266,9.559599876,11.97672749,23.14631271,59.93806458,79.76734161,19.9869976,9.098571777,8.225948334,7.103235245,8.596393585,27.03343582,87.25125885,68.28126526,16.12186432,9.172973633,14.3374424,11.01833534,6.703880787,20.78663254,80.09894562
47,66.67449951,19.72080612,5.070551872,5.468144417,8.32511425,3.843391418,2.965155602,15.55882645,119.657196,33.37759781,4.490625381,3.610077858,5.344540596,3.795917511,4.276484489,31.13827324,69.26631165,19.76083183,6.518144131,10.29670715,29.37354279,15.40742683,8.740922928,23.72111511,10.03614807,4.140937805,3.30344677,20.70312119,104.3680573,32.62929153,4.52408886,4.992908478,82.45043182,20.30994606,4.937794685,6.266919136,10.45466805,5.403202057,3.670232773,18.0815239,129.9458771,29.22782135,6.048542023,5.939060211,6.835407257,4.950219154,4.778010368,35.95344925,85.77146149,21.1607399,7.312664032,13.46559906,35.94687271,19.30280304,11.09589481,24.1294632,12.48337364,4.593569756,3.649431229,28.37423515,123.8274078,34.71312332,4.036006927,5.296625137,82.0754776,18.00121498,3.639826775,5.307488441,10.64944839,6.468400955,4.788651466,19.77890015,130.0088348,36.00113678,4.935873985,4.898674965,6.625242233,5.628371239,6.216060638,28.81672668,86.02523804,23.95991516,11.0294342,18.55610657,35.84199524,14.07863998,7.576699734,21.69770813,12.43959618,5.260149002,3.950666428,33.40470886,123.3553543,29.2881012,3.73980999,4.879703522,65.96993256,15.16996956,3.079738617,4.048811913,8.414147377,5.606387138,4.703228951,19.18200302,119.4121017,31.42868996,4.489227295,3.453517914,5.050225258,3.454297066,4.35071373,32.74791718,69.44683075,24.55683136,9.364888191,15.17492771,28.81825638,10.02918243,6.757772446,19.10100555,9.904178619,5.276037216,4.707828522,32.12057877,103.8059998,20.49606323,3.388242245,4.345682144
48,9.378564835,6.960495949,8.756328583,8.191040039,13.95299721,37.33042145,64.14448547,27.04719925,8.766628265,6.132167816,8.520931244,9.641032219,22.05503273,59.93351746,67.8467865,24.85272789,17.55636597,7.34919548,7.183055878,5.323997498,10.03511333,39.01552582,77.95563507,54.36868286,9.952230453,7.993664265,7.440823555,4.497033119,8.521570206,41.90953064,75.07537842,30.89413071,26.42484283,21.440979,19.55119705,17.89406204,24.57880592,35.13949585,47.75363922,33.39160156,28.14853668,15.36014557,21.57311821,47.47239685,74.56692505,59.04821396,33.82402802,17.54214668,111.502037,29.49636269,10.27063179,11.48658848,16.5634594,25.21229935,50.62998962,72.6026535,21.98482132,7.756731033,8.873871803,15.81362724,35.06216431,65.34716797,71.75004578,34.17662811,27.21077728,36.80290985,42.38545227,32.26676178,26.04761124,18.26675606,15.9614954,16.12808418,34.02695465,17.50769615,25.87276268,53.68891525,73.72286987,44.38392258,18.86506844,15.41155434,115.7537384,61.48766327,24.27811623,15.60157108,18.11359787,12.74937248,12.07244301,34.5770607,31.48125267,32.88327026,41.11075592,41.55353165,41.86403656,26.82090759,14.40295506,12.0232439,14.4395771,23.68755722,35.88803101,24.39318657,18.3069458,14.83475208,14.46758652,10.95543003,21.35162354,23.27249908,31.89447784,36.19628143,28.55400467,18.40854454,15.72591972,14.16524601,46.92736816,53.86899185,35.81077957,18.93283463,13.98393822,10.49965763,12.84056187,18.40978432,20.58205032,34.49699402,42.28627777,27.63005829,18.5291748,10.87285805,10.99201393,10.88640404
49,21.36993408,9.730221748,6.244939804,26.09834099,86.66457367,26.01008224,5.792211533,7.329772949,95.12514496,30.51210403,7.918787479,12.40861321,28.45298767,10.72139168,7.582370758,28.31960297,30.89336586,11.92545986,9.031366348,27.77080536,70.25341797,27.7525177,10.6677494,14.35801506,28.34999466,14.61965275,9.722314835,17.57756424,35.56749725,14.8497963,8.048021317,11.73866844,28.82448578,7.543651581,4.554519653,34.91414261,117.0120087,33.88947296,4.303063869,6.627241135,129.3244324,23.32022095,3.940786362,10.89656925,37.03654861,14.65629101,7.306752205,40.34722519,39.39414978,8.118135452,6.010458469,31.7791481,107.0423355,49.91856384,11.06340599,15.99766541,38.38127518,18.77710342,11.06448364,18.95773315,42.74361038,16.8450737,8.65898037,16.7226181,28.62008286,6.614376068,4.108251572,32.8218956,117.0546036,35.67604065,4.605443001,7.676799774,129.329361,40.58677292,7.369995117,14.54741669,37.18673325,10.96968174,3.905641556,23.15826035,39.18905258,16.06283379,11.03726673,49.84132385,107.0444183,31.35748291,5.854730606,7.868507385,37.94803238,16.71138954,8.874558449,16.8233757,42.55698013,18.83105278,10.68665981,18.26881027,20.95419312,7.28073597,5.704232216,25.75157738,87.04048157,26.64941216,6.004476547,9.499576569,94.16438293,28.98495483,7.930940628,11.00805664,28.74475098,12.20310879,7.626247406,29.75509262,30.31713104,14.67666817,10.72820377,28.26831436,69.19439697,26.74715805,8.935091019,11.6862812,27.80774307,11.62958431,7.803027153,14.64298534,35.17746353,17.30121994,9.729416847,14.49506187
